Workbook
Name _Ref235542239: Summary!$A$1

Sheet Heritability
A1: Evaluacion | B1: n_Genotypes | C1: H2_Cullis_DS | D1: H2_Cullis_BI | E1: H2_Cullis_SInd
A2: Diatraea_SAM_1 | B2: 5 | C2: 0.21808738 | D2: 0.52655433 | E2: 0.22605074
A3: Diatraea_SAM_10 | B3: 16 | C3: 0.92448903 | D3: 0.73982695 | E3: 0.81308131
A4: Diatraea_SAM_11 | B4: 16 | C4: 0.94124626 | D4: 0.83951161 | E4: 0.88723626
A5: Diatraea_SAM_12 | B5: 16 | C5: 0.89497375 | D5: 0.56490454 | E5: 0.78206151
A6: Diatraea_SAM_13 | B6: 16 | C6: 0.8944084 | D6: 0.5729709 | E6: 0.76480054
A7: Diatraea_SAM_14 | B7: 16 | C7: 0.91754412 | D7: 0.71464908 | E7: 0.78446315
A8: Diatraea_SAM_15 | B8: 16 | C8: 0.92464415 | D8: 0.78113911 | E8: 0.78947155
A9: Diatraea_SAM_15b | B9: 15 | C9: 0.90752465 | D9: 0.63655729 | E9: 0.82840576
A10: Diatraea_SAM_16 | B10: 16 | C10: 0.93075792 | D10: 0.78764376 | E10: 0.82955999
A11: Diatraea_SAM_17 | B11: 16 | C11: 0.85496203 | D11: 0.44795138 | E11: 0.76008504
A12: Diatraea_SAM_18 | B12: 16 | C12: 0.86720272 | D12: 0.43654985 | E12: 0.75300758
A13: Diatraea_SAM_2 | B13: 10 | C13: 0.91320889 | D13: 0.82662972 | E13: 0.94601891
... A21: Diatraea_SAM_9 | B21: 16 | C21: 0.93259194 | D21: 0.80712395 | E21: 0.81010578

Sheet Summary
A1: Table 2. Broad sense heritability estimates for the composite Damage Survival Index (DS Index), proportion of bored internodes (BI), and proportion of insect survival (SInd). Estimates were obtained separately within each evaluation and summarized using the median, first and third quartiles (Q1 and Q3), mean, standard deviation (SD), minimum, and maximum.
A3: Statistic | B3: DS Index | C3: BI | D3: SInd
A4: Median | B4: =+MEDIAN(Heritability!C2:C21) -> 0.89469107 | C4: =+MEDIAN(Heritability!D2:D21) -> 0.56893772 | D4: =+MEDIAN(Heritability!E2:E21) -> 0.78326233
A5: Q1 | B5: =+_xlfn.QUARTILE.INC(Heritability!C2:C21,1) -> 0.86370006 | C5: =+_xlfn.QUARTILE.INC(Heritability!D2:D21,1) -> 0.50690359 | D5: =+_xlfn.QUARTILE.INC(Heritability!E2:E21,1) -> 0.74814136
A6: Q3 | B6: =+_xlfn.QUARTILE.INC(Heritability!C2:C21,3) -> 0.91928035 | C6: =+_xlfn.QUARTILE.INC(Heritability!D2:D21,3) -> 0.75015499 | D6: =+_xlfn.QUARTILE.INC(Heritability!E2:E21,3) -> 0.82204605
A7: IQR | B7: =+B6-B5 -> 0.055580281 | C7: =+C6-C5 -> 0.2432514 | D7: =+D6-D5 -> 0.073904693
A8: Mean | B8: =+AVERAGE(Heritability!C2:C21) -> 0.84925517 | C8: =+AVERAGE(Heritability!D2:D21) -> 0.58680087 | D8: =+AVERAGE(Heritability!E2:E21) -> 0.75033942
A9: SD | B9: =+_xlfn.STDEV.S(Heritability!C2:C21) -> 0.15757803 | C9: =+_xlfn.STDEV.S(Heritability!D2:D21) -> 0.18747553 | D9: =+_xlfn.STDEV.S(Heritability!E2:E21) -> 0.14805669
A10: Min | B10: =+MIN(Heritability!C2:C21) -> 0.21808738 | C10: =+MIN(Heritability!D2:D21) -> 0.13705954 | D10: =+MIN(Heritability!E2:E21) -> 0.22605074
A11: Max | B11: =++MAX(Heritability!C2:C21) -> 0.94124626 | C11: =++MAX(Heritability!D2:D21) -> 0.83951161 | D11: =++MAX(Heritability!E2:E21) -> 0.94601891
